id,longitude,latitude,time,sm_rootzone
20180101_0130,-96.55631213729443,39.08453469374743,2018-01-01 01:30:00,0.29734206199645996
20180101_0430,-96.55631213729443,39.08453469374743,2018-01-01 04:30:00,0.29738518595695496
20180101_0730,-96.55631213729443,39.08453469374743,2018-01-01 07:30:00,0.29728829860687256
20180101_1030,-96.55631213729443,39.08453469374743,2018-01-01 10:30:00,0.2972724139690399
20180101_1330,-96.55631213729443,39.08453469374743,2018-01-01 13:30:00,0.2973287105560303
20180101_1630,-96.55631213729443,39.08453469374743,2018-01-01 16:30:00,0.2973213195800781
20180101_1930,-96.55631213729443,39.08453469374743,2018-01-01 19:30:00,0.29723086953163147
20180101_2230,-96.55631213729443,39.08453469374743,2018-01-01 22:30:00,0.29726964235305786
20180102_0130,-96.55631213729443,39.08453469374743,2018-01-02 01:30:00,0.29719674587249756
20180102_0430,-96.55631213729443,39.08453469374743,2018-01-02 04:30:00,0.2972601056098938
20180102_0730,-96.55631213729443,39.08453469374743,2018-01-02 07:30:00,0.29714101552963257
20180102_1030,-96.55631213729443,39.08453469374743,2018-01-02 10:30:00,0.29721352458000183
20180102_1330,-96.55631213729443,39.08453469374743,2018-01-02 13:30:00,0.29726001620292664
20180102_1630,-96.55631213729443,39.08453469374743,2018-01-02 16:30:00,0.2972452640533447
20180102_1930,-96.55631213729443,39.08453469374743,2018-01-02 19:30:00,0.29717496037483215
20180102_2230,-96.55631213729443,39.08453469374743,2018-01-02 22:30:00,0.29708853363990784
20180103_0130,-96.55631213729443,39.08453469374743,2018-01-03 01:30:00,0.2971136271953583
20180103_0430,-96.55631213729443,39.08453469374743,2018-01-03 04:30:00,0.29714566469192505
20180103_0730,-96.55631213729443,39.08453469374743,2018-01-03 07:30:00,0.29713040590286255
20180103_1030,-96.55631213729443,39.08453469374743,2018-01-03 10:30:00,0.2971414029598236
20180103_1330,-96.55631213729443,39.08453469374743,2018-01-03 13:30:00,0.2971559464931488
20180103_1630,-96.55631213729443,39.08453469374743,2018-01-03 16:30:00,0.2971324622631073
20180103_1930,-96.55631213729443,39.08453469374743,2018-01-03 19:30:00,0.2970634996891022
20180103_2230,-96.55631213729443,39.08453469374743,2018-01-03 22:30:00,0.2969802916049957
20180104_0130,-96.55631213729443,39.08453469374743,2018-01-04 01:30:00,0.29700884222984314
20180104_0430,-96.55631213729443,39.08453469374743,2018-01-04 04:30:00,0.29709064960479736
20180104_0730,-96.55631213729443,39.08453469374743,2018-01-04 07:30:00,0.29707977175712585
20180104_1030,-96.55631213729443,39.08453469374743,2018-01-04 10:30:00,0.29708054661750793
20180104_1330,-96.55631213729443,39.08453469374743,2018-01-04 13:30:00,0.2970910966396332
20180104_1630,-96.55631213729443,39.08453469374743,2018-01-04 16:30:00,0.29705512523651123
20180104_1930,-96.55631213729443,39.08453469374743,2018-01-04 19:30:00,0.2970776855945587
20180104_2230,-96.55631213729443,39.08453469374743,2018-01-04 22:30:00,0.29699650406837463
20180105_0130,-96.55631213729443,39.08453469374743,2018-01-05 01:30:00,0.2970534861087799
20180105_0430,-96.55631213729443,39.08453469374743,2018-01-05 04:30:00,0.29709741473197937
20180105_0730,-96.55631213729443,39.08453469374743,2018-01-05 07:30:00,0.2970997393131256
20180105_1030,-96.55631213729443,39.08453469374743,2018-01-05 10:30:00,0.297031432390213
20180105_1330,-96.55631213729443,39.08453469374743,2018-01-05 13:30:00,0.2970806658267975
20180105_1630,-96.55631213729443,39.08453469374743,2018-01-05 16:30:00,0.29707616567611694
20180105_1930,-96.55631213729443,39.08453469374743,2018-01-05 19:30:00,0.2970941364765167
20180105_2230,-96.55631213729443,39.08453469374743,2018-01-05 22:30:00,0.29698801040649414
20180106_0130,-96.55631213729443,39.08453469374743,2018-01-06 01:30:00,0.29701581597328186
20180106_0430,-96.55631213729443,39.08453469374743,2018-01-06 04:30:00,0.296946257352829
20180106_0730,-96.55631213729443,39.08453469374743,2018-01-06 07:30:00,0.29696542024612427
20180106_1030,-96.55631213729443,39.08453469374743,2018-01-06 10:30:00,0.2969788908958435
20180106_1330,-96.55631213729443,39.08453469374743,2018-01-06 13:30:00,0.29697945713996887
20180106_1630,-96.55631213729443,39.08453469374743,2018-01-06 16:30:00,0.29695308208465576
20180106_1930,-96.55631213729443,39.08453469374743,2018-01-06 19:30:00,0.29698702692985535
20180106_2230,-96.55631213729443,39.08453469374743,2018-01-06 22:30:00,0.2969353497028351
20180107_0130,-96.55631213729443,39.08453469374743,2018-01-07 01:30:00,0.29690665006637573
20180107_0430,-96.55631213729443,39.08453469374743,2018-01-07 04:30:00,0.29685506224632263
20180107_0730,-96.55631213729443,39.08453469374743,2018-01-07 07:30:00,0.2969526946544647
20180107_1030,-96.55631213729443,39.08453469374743,2018-01-07 10:30:00,0.29689159989356995
20180107_1330,-96.55631213729443,39.08453469374743,2018-01-07 13:30:00,0.29694730043411255
20180107_1630,-96.55631213729443,39.08453469374743,2018-01-07 16:30:00,0.29695966839790344
20180107_1930,-96.55631213729443,39.08453469374743,2018-01-07 19:30:00,0.29712802171707153
20180107_2230,-96.55631213729443,39.08453469374743,2018-01-07 22:30:00,0.29715800285339355
20180108_0130,-96.55631213729443,39.08453469374743,2018-01-08 01:30:00,0.297203928232193
20180108_0430,-96.55631213729443,39.08453469374743,2018-01-08 04:30:00,0.29713383316993713
20180108_0730,-96.55631213729443,39.08453469374743,2018-01-08 07:30:00,0.29717108607292175
20180108_1030,-96.55631213729443,39.08453469374743,2018-01-08 10:30:00,0.29711660742759705
20180108_1330,-96.55631213729443,39.08453469374743,2018-01-08 13:30:00,0.29714691638946533
20180108_1630,-96.55631213729443,39.08453469374743,2018-01-08 16:30:00,0.2972375750541687
20180108_1930,-96.55631213729443,39.08453469374743,2018-01-08 19:30:00,0.2972121834754944
20180108_2230,-96.55631213729443,39.08453469374743,2018-01-08 22:30:00,0.29724007844924927
20180109_0130,-96.55631213729443,39.08453469374743,2018-01-09 01:30:00,0.29717203974723816
20180109_0430,-96.55631213729443,39.08453469374743,2018-01-09 04:30:00,0.29723381996154785
20180109_0730,-96.55631213729443,39.08453469374743,2018-01-09 07:30:00,0.29714301228523254
20180109_1030,-96.55631213729443,39.08453469374743,2018-01-09 10:30:00,0.297212690114975
20180109_1330,-96.55631213729443,39.08453469374743,2018-01-09 13:30:00,0.29725196957588196
20180109_1630,-96.55631213729443,39.08453469374743,2018-01-09 16:30:00,0.2972356379032135
20180109_1930,-96.55631213729443,39.08453469374743,2018-01-09 19:30:00,0.2971472144126892
20180109_2230,-96.55631213729443,39.08453469374743,2018-01-09 22:30:00,0.29704684019088745
20180110_0130,-96.55631213729443,39.08453469374743,2018-01-10 01:30:00,0.29708439111709595
20180110_0430,-96.55631213729443,39.08453469374743,2018-01-10 04:30:00,0.29711711406707764
20180110_0730,-96.55631213729443,39.08453469374743,2018-01-10 07:30:00,0.29713624715805054
20180110_1030,-96.55631213729443,39.08453469374743,2018-01-10 10:30:00,0.29706016182899475
20180110_1330,-96.55631213729443,39.08453469374743,2018-01-10 13:30:00,0.2971193492412567
20180110_1630,-96.55631213729443,39.08453469374743,2018-01-10 16:30:00,0.29712215065956116
20180110_1930,-96.55631213729443,39.08453469374743,2018-01-10 19:30:00,0.2971382737159729
20180110_2230,-96.55631213729443,39.08453469374743,2018-01-10 22:30:00,0.2971741855144501
20180111_0130,-96.55631213729443,39.08453469374743,2018-01-11 01:30:00,0.2970828413963318
20180111_0430,-96.55631213729443,39.08453469374743,2018-01-11 04:30:00,0.2972322702407837
20180111_0730,-96.55631213729443,39.08453469374743,2018-01-11 07:30:00,0.2983582019805908
20180111_1030,-96.55631213729443,39.08453469374743,2018-01-11 10:30:00,0.3007480502128601
20180111_1330,-96.55631213729443,39.08453469374743,2018-01-11 13:30:00,0.3007899224758148
20180111_1630,-96.55631213729443,39.08453469374743,2018-01-11 16:30:00,0.3006405234336853
20180111_1930,-96.55631213729443,39.08453469374743,2018-01-11 19:30:00,0.3005419969558716
20180111_2230,-96.55631213729443,39.08453469374743,2018-01-11 22:30:00,0.30033746361732483
20180112_0130,-96.55631213729443,39.08453469374743,2018-01-12 01:30:00,0.30027052760124207
20180112_0430,-96.55631213729443,39.08453469374743,2018-01-12 04:30:00,0.3001590669155121
20180112_0730,-96.55631213729443,39.08453469374743,2018-01-12 07:30:00,0.3000454902648926
20180112_1030,-96.55631213729443,39.08453469374743,2018-01-12 10:30:00,0.29998645186424255
20180112_1330,-96.55631213729443,39.08453469374743,2018-01-12 13:30:00,0.2998853325843811
20180112_1630,-96.55631213729443,39.08453469374743,2018-01-12 16:30:00,0.29974913597106934
20180112_1930,-96.55631213729443,39.08453469374743,2018-01-12 19:30:00,0.29968103766441345
20180112_2230,-96.55631213729443,39.08453469374743,2018-01-12 22:30:00,0.2996114492416382
20180113_0130,-96.55631213729443,39.08453469374743,2018-01-13 01:30:00,0.2995181083679199
20180113_0430,-96.55631213729443,39.08453469374743,2018-01-13 04:30:00,0.29941287636756897
20180113_0730,-96.55631213729443,39.08453469374743,2018-01-13 07:30:00,0.29940515756607056
20180113_1030,-96.55631213729443,39.08453469374743,2018-01-13 10:30:00,0.29932522773742676
20180113_1330,-96.55631213729443,39.08453469374743,2018-01-13 13:30:00,0.2992404103279114
20180113_1630,-96.55631213729443,39.08453469374743,2018-01-13 16:30:00,0.29922616481781006
20180113_1930,-96.55631213729443,39.08453469374743,2018-01-13 19:30:00,0.2991117537021637
20180113_2230,-96.55631213729443,39.08453469374743,2018-01-13 22:30:00,0.29912886023521423
20180114_0130,-96.55631213729443,39.08453469374743,2018-01-14 01:30:00,0.2990585267543793
20180114_0430,-96.55631213729443,39.08453469374743,2018-01-14 04:30:00,0.2990776300430298
20180114_0730,-96.55631213729443,39.08453469374743,2018-01-14 07:30:00,0.29894569516181946
20180114_1030,-96.55631213729443,39.08453469374743,2018-01-14 10:30:00,0.29899558424949646
20180114_1330,-96.55631213729443,39.08453469374743,2018-01-14 13:30:00,0.29893311858177185
20180114_1630,-96.55631213729443,39.08453469374743,2018-01-14 16:30:00,0.2989288866519928
20180114_1930,-96.55631213729443,39.08453469374743,2018-01-14 19:30:00,0.2991925776004791
20180114_2230,-96.55631213729443,39.08453469374743,2018-01-14 22:30:00,0.29984718561172485
20180115_0130,-96.55631213729443,39.08453469374743,2018-01-15 01:30:00,0.29976847767829895
20180115_0430,-96.55631213729443,39.08453469374743,2018-01-15 04:30:00,0.3002825081348419
20180115_0730,-96.55631213729443,39.08453469374743,2018-01-15 07:30:00,0.3009905517101288
20180115_1030,-96.55631213729443,39.08453469374743,2018-01-15 10:30:00,0.30093756318092346
20180115_1330,-96.55631213729443,39.08453469374743,2018-01-15 13:30:00,0.3008558750152588
20180115_1630,-96.55631213729443,39.08453469374743,2018-01-15 16:30:00,0.3008507490158081
20180115_1930,-96.55631213729443,39.08453469374743,2018-01-15 19:30:00,0.3007895350456238
20180115_2230,-96.55631213729443,39.08453469374743,2018-01-15 22:30:00,0.3007052540779114
20180116_0130,-96.55631213729443,39.08453469374743,2018-01-16 01:30:00,0.30069345235824585
20180116_0430,-96.55631213729443,39.08453469374743,2018-01-16 04:30:00,0.3006223738193512
20180116_0730,-96.55631213729443,39.08453469374743,2018-01-16 07:30:00,0.3004927635192871
20180116_1030,-96.55631213729443,39.08453469374743,2018-01-16 10:30:00,0.3004882037639618
20180116_1330,-96.55631213729443,39.08453469374743,2018-01-16 13:30:00,0.3005253076553345
20180116_1630,-96.55631213729443,39.08453469374743,2018-01-16 16:30:00,0.30050814151763916
20180116_1930,-96.55631213729443,39.08453469374743,2018-01-16 19:30:00,0.30035173892974854
20180116_2230,-96.55631213729443,39.08453469374743,2018-01-16 22:30:00,0.3003889322280884
20180117_0130,-96.55631213729443,39.08453469374743,2018-01-17 01:30:00,0.30036190152168274
20180117_0430,-96.55631213729443,39.08453469374743,2018-01-17 04:30:00,0.3002530336380005
20180117_0730,-96.55631213729443,39.08453469374743,2018-01-17 07:30:00,0.3002663254737854
20180117_1030,-96.55631213729443,39.08453469374743,2018-01-17 10:30:00,0.300294429063797
20180117_1330,-96.55631213729443,39.08453469374743,2018-01-17 13:30:00,0.3001851439476013
20180117_1630,-96.55631213729443,39.08453469374743,2018-01-17 16:30:00,0.3001692593097687
20180117_1930,-96.55631213729443,39.08453469374743,2018-01-17 19:30:00,0.30019283294677734
20180117_2230,-96.55631213729443,39.08453469374743,2018-01-17 22:30:00,0.3001040816307068
20180118_0130,-96.55631213729443,39.08453469374743,2018-01-18 01:30:00,0.3000543713569641
20180118_0430,-96.55631213729443,39.08453469374743,2018-01-18 04:30:00,0.300083190202713
20180118_0730,-96.55631213729443,39.08453469374743,2018-01-18 07:30:00,0.30007994174957275
20180118_1030,-96.55631213729443,39.08453469374743,2018-01-18 10:30:00,0.30004385113716125
20180118_1330,-96.55631213729443,39.08453469374743,2018-01-18 13:30:00,0.3000059425830841
20180118_1630,-96.55631213729443,39.08453469374743,2018-01-18 16:30:00,0.2999860644340515
20180118_1930,-96.55631213729443,39.08453469374743,2018-01-18 19:30:00,0.3005526661872864
20180118_2230,-96.55631213729443,39.08453469374743,2018-01-18 22:30:00,0.30169013142585754
20180119_0130,-96.55631213729443,39.08453469374743,2018-01-19 01:30:00,0.30176353454589844
20180119_0430,-96.55631213729443,39.08453469374743,2018-01-19 04:30:00,0.30172494053840637
20180119_0730,-96.55631213729443,39.08453469374743,2018-01-19 07:30:00,0.301662802696228
20180119_1030,-96.55631213729443,39.08453469374743,2018-01-19 10:30:00,0.3015713393688202
20180119_1330,-96.55631213729443,39.08453469374743,2018-01-19 13:30:00,0.30148524045944214
20180119_1630,-96.55631213729443,39.08453469374743,2018-01-19 16:30:00,0.3017045259475708
20180119_1930,-96.55631213729443,39.08453469374743,2018-01-19 19:30:00,0.3031517267227173
20180119_2230,-96.55631213729443,39.08453469374743,2018-01-19 22:30:00,0.30390995740890503
20180120_0130,-96.55631213729443,39.08453469374743,2018-01-20 01:30:00,0.3039397895336151
20180120_0430,-96.55631213729443,39.08453469374743,2018-01-20 04:30:00,0.3038938343524933
20180120_0730,-96.55631213729443,39.08453469374743,2018-01-20 07:30:00,0.3037095069885254
20180120_1030,-96.55631213729443,39.08453469374743,2018-01-20 10:30:00,0.3036947548389435
20180120_1330,-96.55631213729443,39.08453469374743,2018-01-20 13:30:00,0.30368533730506897
20180120_1630,-96.55631213729443,39.08453469374743,2018-01-20 16:30:00,0.3037600517272949
20180120_1930,-96.55631213729443,39.08453469374743,2018-01-20 19:30:00,0.3037799596786499
20180120_2230,-96.55631213729443,39.08453469374743,2018-01-20 22:30:00,0.3038228750228882
20180121_0130,-96.55631213729443,39.08453469374743,2018-01-21 01:30:00,0.30380895733833313
20180121_0430,-96.55631213729443,39.08453469374743,2018-01-21 04:30:00,0.30376136302948
20180121_0730,-96.55631213729443,39.08453469374743,2018-01-21 07:30:00,0.3036647439002991
20180121_1030,-96.55631213729443,39.08453469374743,2018-01-21 10:30:00,0.3035753071308136
20180121_1330,-96.55631213729443,39.08453469374743,2018-01-21 13:30:00,0.30357468128204346
20180121_1630,-96.55631213729443,39.08453469374743,2018-01-21 16:30:00,0.3035290539264679
20180121_1930,-96.55631213729443,39.08453469374743,2018-01-21 19:30:00,0.30343911051750183
20180121_2230,-96.55631213729443,39.08453469374743,2018-01-21 22:30:00,0.3033467233181
20180122_0130,-96.55631213729443,39.08453469374743,2018-01-22 01:30:00,0.3033890128135681
20180122_0430,-96.55631213729443,39.08453469374743,2018-01-22 04:30:00,0.30330178141593933
20180122_0730,-96.55631213729443,39.08453469374743,2018-01-22 07:30:00,0.3032916188240051
20180122_1030,-96.55631213729443,39.08453469374743,2018-01-22 10:30:00,0.30328598618507385
20180122_1330,-96.55631213729443,39.08453469374743,2018-01-22 13:30:00,0.30326128005981445
20180122_1630,-96.55631213729443,39.08453469374743,2018-01-22 16:30:00,0.3033412992954254
20180122_1930,-96.55631213729443,39.08453469374743,2018-01-22 19:30:00,0.30327683687210083
20180122_2230,-96.55631213729443,39.08453469374743,2018-01-22 22:30:00,0.30325132608413696
20180123_0130,-96.55631213729443,39.08453469374743,2018-01-23 01:30:00,0.30324915051460266
20180123_0430,-96.55631213729443,39.08453469374743,2018-01-23 04:30:00,0.3031732439994812
20180123_0730,-96.55631213729443,39.08453469374743,2018-01-23 07:30:00,0.3031134009361267
20180123_1030,-96.55631213729443,39.08453469374743,2018-01-23 10:30:00,0.30306607484817505
20180123_1330,-96.55631213729443,39.08453469374743,2018-01-23 13:30:00,0.3030549883842468
20180123_1630,-96.55631213729443,39.08453469374743,2018-01-23 16:30:00,0.30309271812438965
20180123_1930,-96.55631213729443,39.08453469374743,2018-01-23 19:30:00,0.30377134680747986
20180123_2230,-96.55631213729443,39.08453469374743,2018-01-23 22:30:00,0.30434104800224304
20180124_0130,-96.55631213729443,39.08453469374743,2018-01-24 01:30:00,0.3043672442436218
20180124_0430,-96.55631213729443,39.08453469374743,2018-01-24 04:30:00,0.3043188154697418
20180124_0730,-96.55631213729443,39.08453469374743,2018-01-24 07:30:00,0.3042620122432709
20180124_1030,-96.55631213729443,39.08453469374743,2018-01-24 10:30:00,0.3041174113750458
20180124_1330,-96.55631213729443,39.08453469374743,2018-01-24 13:30:00,0.30412986874580383
20180124_1630,-96.55631213729443,39.08453469374743,2018-01-24 16:30:00,0.30417630076408386
20180124_1930,-96.55631213729443,39.08453469374743,2018-01-24 19:30:00,0.3049585521221161
20180124_2230,-96.55631213729443,39.08453469374743,2018-01-24 22:30:00,0.3053262233734131
20180125_0130,-96.55631213729443,39.08453469374743,2018-01-25 01:30:00,0.3052605092525482
20180125_0430,-96.55631213729443,39.08453469374743,2018-01-25 04:30:00,0.3051815629005432
20180125_0730,-96.55631213729443,39.08453469374743,2018-01-25 07:30:00,0.3050459027290344
20180125_1030,-96.55631213729443,39.08453469374743,2018-01-25 10:30:00,0.30493438243865967
20180125_1330,-96.55631213729443,39.08453469374743,2018-01-25 13:30:00,0.30487725138664246
20180125_1630,-96.55631213729443,39.08453469374743,2018-01-25 16:30:00,0.30484315752983093
20180125_1930,-96.55631213729443,39.08453469374743,2018-01-25 19:30:00,0.304981529712677
20180125_2230,-96.55631213729443,39.08453469374743,2018-01-25 22:30:00,0.3048856556415558
20180126_0130,-96.55631213729443,39.08453469374743,2018-01-26 01:30:00,0.3047153353691101
20180126_0430,-96.55631213729443,39.08453469374743,2018-01-26 04:30:00,0.3046513795852661
20180126_0730,-96.55631213729443,39.08453469374743,2018-01-26 07:30:00,0.30448663234710693
20180126_1030,-96.55631213729443,39.08453469374743,2018-01-26 10:30:00,0.3043597340583801
20180126_1330,-96.55631213729443,39.08453469374743,2018-01-26 13:30:00,0.30430006980895996
20180126_1630,-96.55631213729443,39.08453469374743,2018-01-26 16:30:00,0.3042251467704773
20180126_1930,-96.55631213729443,39.08453469374743,2018-01-26 19:30:00,0.304192453622818
20180126_2230,-96.55631213729443,39.08453469374743,2018-01-26 22:30:00,0.3039775788784027
20180127_0130,-96.55631213729443,39.08453469374743,2018-01-27 01:30:00,0.3052341341972351
20180127_0430,-96.55631213729443,39.08453469374743,2018-01-27 04:30:00,0.30513691902160645
20180127_0730,-96.55631213729443,39.08453469374743,2018-01-27 07:30:00,0.30517297983169556
20180127_1030,-96.55631213729443,39.08453469374743,2018-01-27 10:30:00,0.30504581332206726
20180127_1330,-96.55631213729443,39.08453469374743,2018-01-27 13:30:00,0.30506277084350586
20180127_1630,-96.55631213729443,39.08453469374743,2018-01-27 16:30:00,0.30500003695487976
20180127_1930,-96.55631213729443,39.08453469374743,2018-01-27 19:30:00,0.3048444092273712
20180127_2230,-96.55631213729443,39.08453469374743,2018-01-27 22:30:00,0.30462607741355896
20180128_0130,-96.55631213729443,39.08453469374743,2018-01-28 01:30:00,0.3084492087364197
20180128_0430,-96.55631213729443,39.08453469374743,2018-01-28 04:30:00,0.30835554003715515
20180128_0730,-96.55631213729443,39.08453469374743,2018-01-28 07:30:00,0.30812710523605347
20180128_1030,-96.55631213729443,39.08453469374743,2018-01-28 10:30:00,0.3080289661884308
20180128_1330,-96.55631213729443,39.08453469374743,2018-01-28 13:30:00,0.3079265356063843
20180128_1630,-96.55631213729443,39.08453469374743,2018-01-28 16:30:00,0.3077704608440399
20180128_1930,-96.55631213729443,39.08453469374743,2018-01-28 19:30:00,0.30756404995918274
20180128_2230,-96.55631213729443,39.08453469374743,2018-01-28 22:30:00,0.30748453736305237
20180129_0130,-96.55631213729443,39.08453469374743,2018-01-29 01:30:00,0.30729568004608154
20180129_0430,-96.55631213729443,39.08453469374743,2018-01-29 04:30:00,0.3072246015071869
20180129_0730,-96.55631213729443,39.08453469374743,2018-01-29 07:30:00,0.3071236312389374
20180129_1030,-96.55631213729443,39.08453469374743,2018-01-29 10:30:00,0.30703672766685486
20180129_1330,-96.55631213729443,39.08453469374743,2018-01-29 13:30:00,0.30706942081451416
20180129_1630,-96.55631213729443,39.08453469374743,2018-01-29 16:30:00,0.3069321811199188
20180129_1930,-96.55631213729443,39.08453469374743,2018-01-29 19:30:00,0.30678051710128784
20180129_2230,-96.55631213729443,39.08453469374743,2018-01-29 22:30:00,0.3065648078918457
20180130_0130,-96.55631213729443,39.08453469374743,2018-01-30 01:30:00,0.3065968155860901
20180130_0430,-96.55631213729443,39.08453469374743,2018-01-30 04:30:00,0.3065059185028076
20180130_0730,-96.55631213729443,39.08453469374743,2018-01-30 07:30:00,0.30639252066612244
20180130_1030,-96.55631213729443,39.08453469374743,2018-01-30 10:30:00,0.30641108751296997
20180130_1330,-96.55631213729443,39.08453469374743,2018-01-30 13:30:00,0.3062793016433716
20180130_1630,-96.55631213729443,39.08453469374743,2018-01-30 16:30:00,0.3062218427658081
20180130_1930,-96.55631213729443,39.08453469374743,2018-01-30 19:30:00,0.30600661039352417
20180130_2230,-96.55631213729443,39.08453469374743,2018-01-30 22:30:00,0.305915892124176
